player,pts_per_game,ast_per_game,trb_per_game,mp_per_game,impact_score
A.C. Green,5.0,1.0,5.9,23.5,0.506
A.J. Green,8.9,1.7,2.55,25.9,0.508
A.J. Price,7.7,3.6,2.0,22.4,0.594
Aaron Brooks,11.683,3.483,1.917,24.633,0.694
Aaron Gordon,14.22,2.86,6.41,30.13,0.78
Aaron Holiday,9.5,3.4,2.4,24.5,0.624
Aaron McKie,10.0,3.54,3.78,28.76,0.602
Aaron Nesmith,12.025,1.475,3.95,26.825,0.651
Aaron Wiggins,9.9,1.633,3.533,22.967,0.656
Aaron Williams,10.2,1.1,7.2,28.5,0.649
Ace Bailey,13.8,1.8,4.2,27.6,0.717
Adam Morrison,11.8,2.1,2.9,29.8,0.564
Adonal Foyle,5.16,0.6,5.92,22.84,0.511
Adrian Griffin,6.167,2.0,4.5,24.833,0.51
Ajay Mitchell,13.6,3.6,3.3,25.8,0.795
Al Harrington,15.179,1.807,6.043,30.943,0.744
Al Horford,12.325,3.181,7.625,30.85,0.75
Al Jefferson,18.32,1.75,9.65,33.02,0.9
Al Thornton,11.78,1.22,4.12,28.34,0.604
Al-Farouq Aminu,8.3,1.371,6.743,27.3,0.601
Alan Anderson,8.433,1.233,2.433,23.1,0.524
Alan Henderson,11.85,0.8,6.3,29.3,0.647
Alec Burks,12.962,2.462,3.9,25.3,0.764
Aleksej Pokusevski,7.9,2.15,4.95,22.2,0.676
Alex Caruso,7.375,3.3,3.3,25.3,0.552
Alex Len,8.58,0.92,6.76,21.18,0.768
Alex Sarr,14.65,2.55,6.95,27.15,0.89
Alexey Shved,8.6,3.7,2.3,23.9,0.611
Allan Houston,19.96,2.42,3.08,37.38,0.681
Allen Crabbe,10.95,1.275,3.325,27.525,0.565
Allen Iverson,26.75,6.15,3.525,41.4,0.88
Allonzo Trier,10.9,1.9,3.1,22.8,0.697
Alonzo Gee,7.74,1.18,3.92,25.34,0.507
Alonzo Mourning,13.45,0.8,6.975,26.975,0.787
Alperen Şengün,17.0,4.52,8.6,29.38,1.025
Alvin Williams,10.9,5.0,2.95,32.4,0.582
Amar'e Stoudemire,19.673,1.318,8.082,32.327,0.899
Amen Thompson,13.967,3.9,7.533,30.667,0.828
Amir Coffey,8.433,1.333,2.4,22.633,0.538
Amir Johnson,8.6,1.486,6.286,25.257,0.648
Anderson Varejão,7.82,1.26,7.9,27.22,0.624
Andray Blatche,11.92,1.74,6.06,25.68,0.768
Andre Drummond,14.77,1.54,13.75,30.71,0.979
Andre Iguodala,11.412,4.231,4.944,32.388,0.636
Andre Miller,13.693,7.073,3.987,33.58,0.737
Andre Roberson,5.7,0.85,4.35,26.15,0.417
Andrea Bargnani,14.85,1.2,4.933,30.167,0.696
Andrei Kirilenko,12.455,2.855,5.645,31.0,0.676
Andrew Bogut,10.462,2.3,9.0,29.5,0.738
Andrew Bynum,13.42,1.26,8.68,28.84,0.81
Andrew DeClercq,6.6,0.7,5.4,22.3,0.57
Andrew Harrison,7.7,3.0,2.1,22.1,0.579
Andrew Nembhard,11.4,5.325,2.725,28.2,0.69
Andrew Wiggins,18.554,2.485,4.577,33.223,0.771
Andris Biedriņš,9.225,1.275,9.375,27.5,0.723
Andrés Nocioni,11.75,1.267,4.967,25.35,0.709
Anfernee Hardaway,11.66,3.54,4.58,31.12,0.636
Anfernee Simons,16.729,3.5,2.657,28.814,0.794
Antawn Jamison,19.233,1.693,7.74,35.94,0.798
Anthony Black,12.2,3.4,3.35,27.0,0.702
Anthony Carter,6.02,4.68,2.6,23.96,0.555
Anthony Davis,24.254,2.638,10.877,34.454,1.096
Anthony Edwards,24.583,4.067,5.233,34.8,0.974
Anthony Johnson,7.22,4.1,2.22,24.98,0.542
Anthony Mason,11.125,3.75,8.1,37.45,0.613
Anthony Morrow,11.8,1.14,2.88,26.92,0.588
Anthony Parker,9.733,2.5,3.433,30.15,0.52
Anthony Peeler,9.25,2.55,2.7,26.525,0.547
Anthony Tolliver,8.643,1.3,4.543,24.543,0.59
Antoine Walker,17.811,3.811,7.667,36.144,0.81
Antoine Wright,6.85,1.325,2.625,23.125,0.467
Antonio Daniels,8.986,3.843,2.214,25.971,0.579
Antonio Davis,10.412,1.55,7.975,31.4,0.635
Antonio McDyess,10.722,1.267,7.611,26.422,0.742
Aron Baynes,11.5,1.6,5.6,22.2,0.842
Arron Afflalo,13.367,2.222,3.278,32.2,0.586
Arvydas Sabonis,10.95,1.65,6.6,23.45,0.819
Ausar Thompson,9.6,2.433,5.733,24.533,0.724
Austin Croshere,9.375,1.175,5.4,23.6,0.676
Austin Daye,7.5,1.1,3.8,20.1,0.617
Austin Reaves,15.94,4.4,3.94,30.7,0.791
Austin Rivers,8.978,2.211,2.067,25.333,0.523
Avery Bradley,11.625,1.8,2.9,29.1,0.561
Avery Johnson,8.733,5.133,1.567,26.133,0.591
Ayo Dosunmu,11.95,3.467,3.05,27.783,0.665
Bam Adebayo,17.562,3.838,9.475,32.288,0.956
Baron Davis,17.25,7.633,3.942,35.717,0.807
Ben Gordon,15.711,2.678,2.589,28.711,0.731
Ben McLemore,9.8,1.12,2.36,24.68,0.538
Ben Saraf,7.5,3.3,2.1,20.8,0.62
Ben Sheppard,7.1,1.8,3.0,21.4,0.556
Ben Simmons,12.55,7.083,7.15,30.667,0.873
Ben Wallace,6.138,1.531,10.408,32.054,0.564
Bennedict Mathurin,16.225,1.95,4.7,28.6,0.8
Beno Udrih,11.72,4.64,2.92,30.24,0.638
Bilal Coulibaly,10.8,2.567,4.467,28.8,0.619
Billy Owens,5.95,1.45,4.55,20.5,0.583
Bimbo Coles,8.1,3.6,2.2,24.1,0.577
Bismack Biyombo,5.3,0.66,6.68,22.98,0.55
Blake Griffin,20.633,4.333,8.478,34.056,0.982
Bo Outlaw,5.44,2.08,5.54,26.0,0.502
Bob Sura,10.0,3.883,4.017,26.3,0.681
Bobby Jackson,10.971,2.343,3.214,23.471,0.704
Bobby Portis,13.222,1.489,7.556,24.3,0.916
Bobby Simmons,10.6,1.82,4.42,28.36,0.594
Bogdan Bogdanović,14.275,3.188,3.35,28.375,0.733
Bojan Bogdanović,15.682,1.7,3.564,28.964,0.723
Bol Bol,9.1,1.0,5.8,21.5,0.74
Bonzi Wells,12.422,2.167,4.867,26.5,0.734
Boris Diaw,9.767,3.842,4.867,29.85,0.619
Boštjan Nachbar,9.033,1.067,3.2,21.0,0.633
Brad Miller,12.333,3.117,8.025,31.192,0.753
Bradley Beal,21.415,4.338,4.031,34.246,0.87
Brandan Wright,7.0,0.6,4.9,21.5,0.581
Brandin Podziemski,11.567,3.6,5.333,27.3,0.751
Brandon Bass,10.217,1.033,5.317,26.133,0.634
Brandon Boston Jr.,10.7,2.2,3.2,23.6,0.682
Brandon Clarke,11.2,1.5,5.75,23.2,0.795
Brandon Ingram,20.122,4.322,5.267,33.244,0.894
Brandon Jennings,14.362,5.812,3.025,31.0,0.748
Brandon Knight,15.629,4.4,3.471,31.286,0.751
Brandon Miller,18.75,2.85,4.6,31.25,0.838
Brandon Roy,18.44,4.46,4.16,35.08,0.771
Brandon Rush,8.12,1.12,3.3,25.78,0.486
Brandon Williams,13.0,3.9,2.9,22.2,0.892
Brendan Haywood,7.7,0.578,6.878,25.622,0.592
Brent Barry,10.286,3.886,3.586,29.286,0.606
Brevin Knight,8.238,6.688,2.75,27.462,0.644
Brian Cardinal,9.3,1.7,4.05,23.1,0.652
Brian Grant,10.16,1.26,7.88,29.72,0.649
Brian Roberts,9.4,3.3,1.9,23.2,0.629
Brian Scalabrine,6.3,1.6,4.5,21.6,0.574
Brian Shaw,5.3,3.2,3.8,22.9,0.537
Brian Skinner,7.45,0.9,6.5,25.45,0.583
Brice Sensabaugh,12.9,1.7,3.05,21.85,0.808
Brook Lopez,15.307,1.46,5.947,29.733,0.764
Bruce Bowen,7.062,1.425,3.088,31.325,0.37
Bruce Brown,9.314,2.586,4.443,25.486,0.641
Bryant Reeves,8.6,1.15,5.85,25.05,0.623
Bryant Stith,9.7,2.2,3.6,32.1,0.483
Bryce Drew,6.3,3.9,1.4,27.2,0.426
Bryce McGowens,8.1,1.5,2.1,21.0,0.557
Bryn Forbes,11.5,1.9,2.45,26.55,0.597
Bryon Russell,11.9,2.033,4.633,32.467,0.572
Bub Carrington,10.25,4.5,3.8,28.85,0.643
Buddy Hield,14.267,2.375,3.942,27.525,0.748
Byron Mullens,9.95,1.2,5.7,24.7,0.682
C.J. Miles,11.012,1.225,2.738,23.188,0.646
C.J. Watson,9.875,3.3,2.525,25.15,0.624
CJ Elleby,5.8,1.5,3.9,20.2,0.554
CJ McCollum,21.083,4.242,3.842,33.683,0.866
Cade Cunningham,22.525,8.025,5.35,33.75,1.064
Calbert Cheaney,7.833,1.767,3.433,26.4,0.494
Caleb Love,10.4,2.5,2.3,20.7,0.734
Caleb Martin,9.175,1.75,4.225,26.675,0.568
Cam Reddish,8.925,1.225,2.525,23.175,0.547
Cam Spencer,11.1,5.6,2.5,23.8,0.807
Cam Thomas,18.0,2.75,2.45,26.2,0.885
Cameron Johnson,12.971,2.029,3.929,27.2,0.696
Cameron Payne,10.55,4.7,2.6,21.1,0.846
Caris LeVert,14.233,4.033,3.822,27.822,0.794
Carl Landry,12.743,0.8,5.286,25.7,0.733
Carlos Arroyo,7.56,3.52,1.86,22.36,0.579
Carlos Boozer,16.273,2.255,9.473,31.273,0.895
Carlos Delfino,10.22,2.22,4.2,28.0,0.594
Carlos Rogers,8.0,0.8,5.2,20.8,0.673
Carmelo Anthony,22.637,2.758,6.279,34.574,0.916
Caron Butler,14.608,2.385,5.254,33.308,0.668
Casey Jacobsen,6.7,1.433,2.3,22.733,0.459
Cason Wallace,7.933,2.2,2.933,24.933,0.524
Cedi Osman,10.76,2.28,3.24,25.9,0.629
Cedric Ceballos,16.6,1.3,6.7,29.9,0.823
Cedric Coward,13.6,2.8,5.9,25.8,0.864
Chandler Hutchison,5.2,0.8,4.2,20.3,0.502
Chandler Parsons,14.2,2.96,5.04,33.02,0.672
Channing Frye,10.657,1.171,5.457,27.1,0.638
Charles Oakley,6.767,2.867,7.433,30.067,0.568
Charlie Bell,8.88,2.4,2.24,25.7,0.526
Charlie Villanueva,12.78,1.04,5.56,25.14,0.771
Charlie Ward,7.2,4.433,2.833,24.767,0.584
Chase Budinger,9.433,1.367,3.433,21.6,0.659
Chasson Randle,6.5,1.8,2.0,20.4,0.505
Chauncey Billups,16.331,5.846,2.992,32.938,0.764
Chet Holmgren,16.8,2.05,8.4,29.15,0.935
Chimezie Metu,8.9,1.0,5.6,21.3,0.728
Chris Andersen,6.667,0.633,6.233,21.4,0.632
Chris Bosh,19.392,2.046,8.438,35.723,0.836
Chris Boucher,10.8,0.6,6.133,21.767,0.806
Chris Carr,9.55,1.55,3.1,21.15,0.671
Chris Childs,4.725,4.575,2.4,24.05,0.486
Chris Crawford,10.2,0.8,3.1,21.6,0.653
Chris Douglas-Roberts,8.0,1.167,2.467,22.2,0.524
Chris Duarte,13.1,2.1,4.1,28.0,0.689
Chris Duhon,7.683,5.117,2.567,28.383,0.541
Chris Gatling,12.2,0.833,5.933,22.333,0.849
Chris Kaman,11.875,1.338,8.125,28.95,0.737
Chris Mihm,9.233,0.667,6.1,24.467,0.654
Chris Paul,16.96,9.215,4.42,33.635,0.91
Chris Porter,8.6,1.2,3.7,22.5,0.6
Chris Quinn,7.8,3.0,2.0,22.3,0.574
Chris Singleton,4.6,0.7,3.5,21.7,0.406
Chris Webber,20.289,4.3,9.422,36.256,0.938
Chris Whitney,8.9,3.6,1.667,24.367,0.581
Chris Wilcox,11.833,1.0,6.467,26.7,0.723
Christian Braun,11.567,2.3,4.567,28.633,0.644
Christian Eyenga,6.9,0.8,2.8,21.5,0.488
Christian Laettner,8.56,2.3,5.62,25.2,0.654
Christian Wood,17.15,1.7,8.325,27.6,0.985
Chuck Hayes,5.967,1.667,6.833,23.9,0.605
Chucky Atkins,10.912,3.55,1.85,27.212,0.599
Chuma Okeke,8.2,1.95,4.5,25.1,0.584
Clarence Weatherspoon,8.475,1.125,7.825,27.75,0.628
Clifford Robinson,12.05,2.4,3.762,30.925,0.589
Clint Capela,12.725,1.062,10.988,27.062,0.915
Coby White,15.371,3.829,3.586,28.929,0.788
Cody Martin,7.25,2.25,4.1,24.2,0.562
Cody Williams,6.7,1.6,2.65,22.75,0.481
Cody Zeller,9.533,1.6,6.533,24.25,0.729
Cole Anthony,13.45,4.15,4.675,26.775,0.832
Collin Gillespie,12.7,4.6,4.1,28.5,0.751
Collin Murray-Boyles,8.5,1.9,5.0,21.9,0.703
Collin Sexton,17.85,3.675,2.6,28.062,0.86
Cooper Flagg,21.0,4.5,6.7,33.5,0.961
Corey Brewer,9.93,1.64,3.0,24.93,0.584
Corey Kispert,11.075,1.5,2.825,25.95,0.593
Corey Maggette,17.833,2.367,5.167,30.856,0.822
Corliss Williamson,11.129,1.043,3.986,22.586,0.715
Cory Joseph,7.675,3.312,2.775,24.538,0.561
Courtney Alexander,9.067,1.233,2.2,21.867,0.572
Courtney Lee,10.125,1.708,2.683,28.483,0.51
Craig Smith,9.4,0.8,4.6,20.1,0.736
Cuttino Mobley,16.67,2.79,4.01,37.71,0.622
D'Angelo Russell,17.445,5.755,3.318,29.927,0.886
D.J. Augustin,11.78,4.83,2.13,27.13,0.691
DaQuan Jeffries,6.7,1.1,2.9,22.8,0.469
Daequan Cook,8.95,1.1,2.75,24.4,0.525
Dahntay Jones,8.85,1.45,2.5,23.15,0.553
Dajuan Wagner,13.4,2.8,1.7,29.5,0.607
Dale Davis,7.2,1.05,7.45,26.6,0.59
Damian Lillard,25.475,6.783,4.3,36.233,1.009
Damien Wilkins,9.0,1.95,3.0,24.55,0.568
Damion Lee,10.45,2.0,3.95,24.7,0.664
Damon Jones,8.433,4.067,2.167,27.167,0.54
Damon Stoudamire,11.8,5.357,3.3,31.243,0.655
Damyean Dotson,10.7,1.8,3.6,27.5,0.585
Dan Dickau,12.85,5.05,2.6,30.2,0.679
Dan Gadzuric,7.3,0.4,8.3,22.0,0.727
Dan Majerle,6.15,2.35,3.95,29.0,0.429
Daniel Gafford,10.35,1.267,6.767,22.483,0.818
Daniel Gibson,8.8,2.275,2.075,25.525,0.515
Daniel Theis,9.125,1.475,5.55,23.5,0.687
Danilo Gallinari,15.917,1.983,4.9,30.708,0.742
Daniss Jenkins,9.3,3.9,2.3,20.2,0.767
Danny Ferry,6.45,1.0,3.3,21.05,0.511
Danny Fortson,11.2,1.6,11.7,28.8,0.851
Danny Granger,17.288,1.95,4.975,31.812,0.761
Danny Green,8.836,1.582,3.5,25.818,0.539
Danny Wolf,8.9,2.2,4.9,20.8,0.769
Dante Cunningham,6.225,0.75,3.975,23.025,0.476
Dante Exum,4.8,2.4,1.6,22.2,0.396
Danuel House Jr.,10.5,1.3,4.2,30.4,0.526
Dario Šarić,11.84,1.96,6.06,25.9,0.767
Darius Bazley,12.25,1.6,6.75,29.55,0.697
Darius Garland,18.629,6.614,2.614,32.743,0.851
Darius Miles,11.2,1.986,5.029,28.2,0.646
Darius Miller,8.0,1.75,1.95,24.6,0.476
Darius Songaila,8.35,1.4,4.1,21.0,0.66
Darko Miličić,8.0,1.133,5.6,24.033,0.613
Darrell Armstrong,12.9,5.28,3.66,31.78,0.687
Darrell Arthur,8.3,1.05,4.25,20.9,0.651
Darren Collison,12.63,5.02,2.69,29.67,0.686
David Lee,16.375,2.538,10.325,34.3,0.852
David Nwaba,7.9,1.5,4.7,23.5,0.6
David Robinson,13.225,1.375,8.6,29.325,0.791
David Roddy,8.4,1.6,4.2,23.2,0.612
David Wesley,13.55,3.612,2.512,35.1,0.561
David West,17.05,2.45,7.6,34.12,0.794
Davion Mitchell,8.75,5.05,2.275,27.05,0.594
De'Aaron Fox,21.71,6.16,4.02,33.5,0.952
De'Andre Hunter,14.486,1.643,4.029,28.929,0.697
De'Anthony Melton,10.575,2.6,3.725,23.425,0.721
DeAndre Jordan,10.033,1.2,11.533,29.025,0.784
DeAndre' Bembry,7.1,2.2,3.95,22.4,0.592
DeJuan Blair,8.9,1.1,6.25,21.35,0.761
DeMar DeRozan,21.124,4.124,4.294,34.494,0.856
DeMarcus Cousins,22.556,3.489,11.1,32.822,1.132
DeMarre Carroll,11.44,1.56,5.28,28.96,0.631
DeShawn Stevenson,10.217,2.067,2.933,28.733,0.53
Dean Wade,5.325,1.1,3.95,21.075,0.492
Deandre Ayton,15.643,1.471,10.043,30.157,0.901
Dejounte Murray,16.467,5.683,6.25,30.983,0.917
Delon Wright,8.24,3.56,3.62,23.42,0.658
Delonte West,10.4,3.8,3.1,29.017,0.596
Deni Avdija,13.283,3.4,6.317,27.917,0.824
Dennis Schröder,14.5,5.136,3.05,28.814,0.787
Dennis Smith Jr.,12.533,4.933,3.267,27.967,0.741
Denzel Valentine,10.2,3.2,5.1,27.2,0.68
DerMarr Johnson,8.4,1.1,3.4,24.0,0.538
Dereck Lively II,8.8,1.1,6.9,23.5,0.715
Derek Anderson,12.0,3.375,3.312,29.938,0.624
Derek Fisher,9.062,3.1,2.185,27.6,0.52
Derik Queen,11.7,3.7,7.1,25.0,0.9
Deron Williams,16.479,8.064,3.121,34.007,0.813
Derrick Brown,8.1,1.0,3.6,22.2,0.572
Derrick Coleman,13.733,1.833,8.1,31.6,0.749
Derrick Favors,11.833,1.233,7.678,26.3,0.789
Derrick Jones Jr.,8.82,1.02,3.52,24.16,0.553
Derrick Rose,18.389,5.344,3.322,31.6,0.856
Derrick White,13.662,4.65,3.838,29.875,0.741
Derrick Williams,9.325,0.675,4.675,23.525,0.624
Desmond Bane,18.65,3.95,4.517,30.633,0.885
Desmond Mason,13.325,1.788,4.888,32.725,0.611
Detlef Schrempf,7.5,2.6,4.3,21.6,0.667
Devean George,6.82,1.14,3.84,22.22,0.531
Devin Booker,24.818,5.327,4.064,34.355,0.996
Devin Brown,8.65,1.85,3.2,23.4,0.585
Devin Harris,12.4,4.892,2.383,27.467,0.716
Devin Vassell,15.5,2.85,4.025,30.475,0.734
Devonte' Graham,14.967,5.7,2.8,31.233,0.751
Dewayne Dedmon,10.4,1.45,7.7,25.0,0.782
Dickey Simpkins,4.2,1.4,5.4,23.9,0.46
Dikembe Mutombo,9.54,0.96,11.84,33.04,0.676
Dillon Brooks,15.086,1.971,3.329,30.114,0.677
Dion Glover,9.425,1.85,3.75,24.075,0.624
Dion Waiters,13.243,2.714,2.714,28.557,0.654
Dirk Nowitzki,21.411,2.495,7.779,34.589,0.916
Domantas Sabonis,16.58,4.93,10.91,31.44,1.031
Dominic McGuire,4.5,2.5,5.4,26.2,0.473
Dominick Barlow,7.7,1.2,4.8,23.8,0.576
Donald Sloan,7.2,4.0,2.75,21.25,0.656
Donatas Motiejūnas,12.0,1.8,5.9,28.7,0.686
Donnell Harvey,7.9,1.3,5.3,20.9,0.694
Donovan Clingan,12.1,2.1,11.6,27.2,0.949
Donovan Mitchell,25.267,4.878,4.356,33.844,1.019
Donte DiVincenzo,11.057,3.114,4.371,26.6,0.697
Donté Greene,8.5,0.9,3.1,21.4,0.584
Donyell Marshall,13.462,1.562,8.362,31.025,0.754
Dorell Wright,10.18,1.82,4.4,26.78,0.612
Dorian Finney-Smith,8.46,1.46,4.5,28.85,0.5
Doug Christie,10.467,4.15,4.1,33.15,0.565
Doug McDermott,9.838,1.062,2.6,22.8,0.592
Dragan Bender,6.5,1.6,4.4,25.2,0.496
Drake Powell,6.5,1.4,1.8,21.0,0.462
Draymond Green,9.038,6.169,7.085,29.9,0.746
Drew Eubanks,6.6,1.3,5.4,20.3,0.655
Drew Gooden,11.758,1.158,7.5,27.183,0.751
Duane Washington Jr.,9.9,1.8,1.7,20.2,0.663
Duncan Robinson,12.267,2.017,2.8,27.75,0.616
Dwayne Bacon,10.9,1.3,3.1,25.7,0.595
Dwight Howard,17.393,1.471,12.621,34.414,0.915
Dwight Powell,9.3,1.35,5.375,22.8,0.703
Dwyane Wade,21.206,5.276,4.594,33.271,0.934
Dylan Cardwell,5.4,1.4,7.5,20.6,0.694
Dylan Harper,11.8,3.9,3.4,22.6,0.845
Dyson Daniels,10.6,4.333,5.533,29.767,0.688
Dāvis Bertāns,11.633,1.3,3.633,25.5,0.65
E'Twaun Moore,9.86,2.16,2.38,25.56,0.563
Earl Boykins,12.45,4.075,1.725,26.35,0.693
Earl Clark,7.3,1.1,5.5,23.1,0.602
Earl Watson,7.478,4.978,2.433,24.456,0.609
Ed Davis,7.7,0.967,6.85,22.7,0.684
Eddie Griffin,8.3,0.867,6.067,23.933,0.636
Eddie Jones,15.475,2.975,4.312,35.275,0.645
Eddie Robinson,6.2,1.05,2.55,20.65,0.475
Eddy Curry,15.42,0.62,5.86,29.04,0.754
Eduardo Nájera,6.22,0.9,4.72,22.18,0.534
Egor Dёmin,10.3,3.3,3.2,25.2,0.667
Ekpe Udoh,5.6,0.9,4.2,21.1,0.507
Elden Campbell,13.233,1.433,7.433,30.167,0.733
Elfrid Payton,11.1,6.238,4.275,28.45,0.76
Elton Brand,17.367,2.242,9.142,35.175,0.817
Emanual Davis,5.8,2.2,2.5,20.8,0.505
Emeka Okafor,12.414,0.871,10.043,31.857,0.732
Emmanuel Mudiay,12.867,4.433,3.3,27.733,0.743
Enes Freedom,13.511,1.078,9.033,24.989,0.945
Eric Bledsoe,14.491,4.873,4.018,28.864,0.81
Eric Gordon,15.471,2.871,2.321,31.85,0.649
Eric Paschall,14.0,2.1,4.6,27.6,0.75
Eric Piatkowski,9.45,1.25,2.775,23.85,0.565
Eric Snow,8.25,5.9,2.962,31.925,0.536
Eric Williams,8.057,1.614,3.357,24.6,0.53
Erick Dampier,7.53,0.87,7.53,25.13,0.634
Erick Strickland,10.25,2.7,3.75,25.3,0.66
Ersan İlyasova,11.683,1.242,6.117,25.858,0.736
Ervin Johnson,3.533,0.467,7.133,23.767,0.468
Etan Thomas,8.0,0.65,5.95,22.45,0.65
Evan Fournier,15.9,2.875,2.888,31.088,0.697
Evan Mobley,16.72,3.06,9.0,32.24,0.893
Evan Turner,10.53,3.52,4.84,27.87,0.678
Fabricio Oberto,4.8,1.2,5.2,20.0,0.56
Facundo Campazzo,6.1,3.6,2.1,21.9,0.539
Felipe López,8.0,1.55,3.35,23.0,0.561
Francisco Elson,4.9,0.7,4.7,21.9,0.47
Francisco García,11.567,1.7,3.0,26.933,0.604
Frank Jackson,10.6,1.0,1.6,22.0,0.6
Frank Kaminsky,10.1,1.667,4.067,23.467,0.675
Frank Ntilikina,5.967,3.0,2.133,21.233,0.523
Franz Wagner,19.425,3.7,4.9,32.375,0.866
Fred Hoiberg,7.9,2.5,3.8,26.6,0.534
Fred Jones,8.32,2.5,2.44,26.26,0.505
Fred VanVleet,15.988,6.062,3.625,33.288,0.771
Furkan Korkmaz,8.7,1.5,2.45,21.4,0.591
GG Jackson II,13.55,1.35,4.2,23.55,0.811
Gabe Vincent,8.167,2.333,1.767,23.5,0.522
Garrett Temple,7.962,2.013,2.825,26.512,0.483
Garrison Mathews,10.0,1.0,2.9,26.3,0.529
Gary Harris,11.788,2.075,2.5,29.438,0.556
Gary Neal,9.886,1.686,2.157,21.4,0.642
Gary Payton,16.611,6.767,4.111,35.8,0.768
Gary Trent Jr.,13.475,1.438,2.2,28.212,0.607
George Hill,10.964,3.186,3.114,27.5,0.628
George Lynch,6.625,1.75,5.75,26.875,0.526
George McCloud,9.5,3.3,3.4,26.7,0.607
Georges Niang,9.3,1.3,3.3,21.8,0.638
Gerald Green,11.28,0.88,2.82,23.18,0.646
Gerald Henderson,12.583,2.2,3.467,28.867,0.632
Gerald Wallace,14.15,2.5,6.817,35.15,0.668
Giannis Antetokounmpo,24.442,5.075,10.125,32.85,1.207
Gilbert Arenas,18.85,4.912,3.75,33.462,0.822
Glen Davis,9.9,1.12,5.26,25.78,0.631
Glen Rice,12.3,1.467,3.567,28.6,0.606
Glenn Robinson,20.2,2.52,6.04,35.56,0.809
Glenn Robinson III,10.233,1.333,4.233,27.033,0.584
Goga Bitadze,7.2,2.0,6.6,20.4,0.775
Goran Dragić,16.05,5.31,3.42,31.54,0.786
Gordan Giriček,10.76,1.66,2.8,26.18,0.581
Gordon Hayward,16.0,3.75,4.708,31.867,0.768
Gorgui Dieng,9.933,1.867,7.767,29.833,0.656
Gradey Dick,11.45,1.45,2.9,25.25,0.626
Grant Hill,14.962,2.862,4.75,31.625,0.714
Grant Long,5.7,1.467,4.433,24.333,0.477
Grant Williams,8.575,1.675,4.0,26.175,0.544
Grayson Allen,12.117,2.483,3.3,27.717,0.646
Greg Anthony,7.9,4.7,2.2,25.2,0.587
Greg Buckner,6.175,1.5,3.175,21.525,0.504
Greg Monroe,13.65,2.262,8.575,28.562,0.857
Greg Oden,8.9,0.5,7.0,21.5,0.763
Greg Ostertag,6.1,1.15,6.8,25.7,0.547
Greivis Vásquez,10.28,5.18,2.8,25.7,0.711
Guerschon Yabusele,11.0,2.1,5.6,27.1,0.69
Gui Santos,9.2,2.3,3.9,20.5,0.751
Gustavo Ayón,5.9,1.4,4.9,20.1,0.607
Hakeem Olajuwon,9.767,1.233,6.533,24.333,0.721
Hakim Warrick,11.1,0.76,4.66,23.22,0.711
Hamidou Diallo,11.3,1.6,5.0,22.75,0.787
Harrison Barnes,13.94,1.78,4.647,31.107,0.655
Hassan Whiteside,14.133,0.7,12.017,27.35,0.982
Haywood Highsmith,6.3,1.3,3.3,22.65,0.481
Hedo Türkoğlu,12.927,3.627,4.473,31.109,0.676
Herbert Jones,9.8,2.5,3.725,29.6,0.541
Hersey Hawkins,7.9,2.2,2.9,26.6,0.489
Hollis Thompson,8.2,1.133,3.167,25.2,0.496
Horace Grant,7.175,1.7,6.35,28.9,0.527
Howard Eisley,8.4,4.325,2.175,26.075,0.571
Hubert Davis,7.45,1.7,1.85,24.35,0.452
Ian Mahinmi,9.3,1.5,7.1,25.6,0.699
Iman Shumpert,7.588,1.938,3.35,25.3,0.509
Ime Udoka,8.4,1.5,3.7,28.6,0.476
Immanuel Quickley,14.9,4.425,3.8,28.275,0.818
Ira Newble,7.2,1.233,4.0,27.2,0.457
Isaac Okoro,8.7,1.66,2.86,27.58,0.479
Isaiah Canaan,10.1,1.95,2.1,22.75,0.622
Isaiah Collier,10.2,6.75,2.9,25.8,0.769
Isaiah Hartenstein,9.4,3.267,9.467,25.8,0.858
Isaiah Joe,10.65,1.45,2.55,21.45,0.683
Isaiah Livers,6.7,0.8,2.8,23.1,0.446
Isaiah Rider,19.3,3.7,4.3,34.7,0.787
Isaiah Roby,9.4,1.7,5.2,22.25,0.733
Isaiah Stewart,9.68,1.24,7.02,25.78,0.696
Isaiah Thomas,17.575,4.762,2.45,28.462,0.871
Isaiah Whitehead,7.4,2.6,2.5,22.5,0.556
Ish Smith,10.586,5.071,3.3,25.729,0.737
Ivica Zubac,12.443,1.771,9.857,27.929,0.862
J.J. Barea,10.4,4.567,2.467,22.483,0.775
J.J. Hickson,11.04,0.98,7.88,25.6,0.777
J.R. Bremer,8.3,2.6,2.3,23.5,0.562
J.R. Smith,12.742,2.225,3.3,28.642,0.638
JJ Redick,14.427,2.418,2.209,28.345,0.672
Ja Morant,22.74,7.36,4.72,31.8,1.095
Ja'Kobe Walter,8.05,1.4,2.85,20.85,0.59
JaMychal Green,9.04,1.0,6.82,23.82,0.708
JaVale McGee,11.325,0.575,8.025,25.675,0.776
Jabari Parker,16.233,2.3,6.0,30.833,0.796
Jabari Smith Jr.,13.625,1.475,7.3,32.025,0.699
Jabari Walker,8.9,1.0,7.1,23.6,0.72
Jacque Vaughn,6.25,3.6,1.75,21.85,0.531
Jaden Ivey,15.85,4.5,3.65,29.95,0.801
Jaden McDaniels,10.933,1.7,4.133,28.867,0.581
Jae Crowder,10.133,1.758,4.658,26.983,0.613
Jae'Sean Tate,11.55,2.65,5.35,27.8,0.703
Jahidi White,8.6,0.3,7.7,23.7,0.7
Jahlil Okafor,14.65,1.2,5.9,26.35,0.825
Jaime Jaquez Jr.,11.967,3.267,4.4,25.733,0.763
Jake LaRavia,7.467,2.333,4.1,22.133,0.628
Jake Tsakalidis,7.3,0.3,5.6,23.6,0.559
Jake Voskuhl,6.6,0.9,5.2,24.3,0.523
Jakob Poeltl,11.857,2.543,8.643,27.043,0.852
Jalen Brunson,20.414,5.5,3.271,31.357,0.931
Jalen Duren,13.55,2.05,10.325,27.075,0.958
Jalen Green,20.0,3.3,4.225,32.675,0.842
Jalen Johnson,19.25,5.75,9.5,34.45,1.001
Jalen McDaniels,10.0,1.8,4.55,25.3,0.646
Jalen Rose,17.43,4.09,4.04,35.86,0.713
Jalen Smith,10.2,1.2,6.7,20.7,0.874
Jalen Suggs,12.025,3.875,3.4,26.325,0.733
Jalen Williams,18.267,4.3,4.6,31.333,0.867
Jalen Wilson,9.5,1.8,3.4,25.7,0.572
Jamaal Magloire,9.9,0.8,8.675,28.7,0.675
Jamaal Tinsley,10.5,6.617,3.4,29.667,0.692
Jamal Crawford,15.971,3.553,2.388,31.347,0.699
Jamal Mashburn,20.175,4.8,6.2,39.25,0.794
Jamal Murray,19.167,5.078,3.878,32.156,0.875
Jamal Shead,6.6,5.4,1.7,22.6,0.606
Jamario Moon,7.667,1.233,5.133,26.4,0.532
Jameer Nelson,11.129,5.071,2.921,27.586,0.693
James Anderson,10.1,1.9,3.8,28.9,0.547
James Ennis III,7.2,1.0,3.433,23.017,0.505
James Harden,23.947,7.595,5.721,34.984,1.065
James Johnson,9.54,2.76,4.24,24.18,0.684
James Jones,8.65,0.7,3.1,22.8,0.546
James Posey,8.775,1.692,4.8,27.575,0.554
Jamie Feick,5.7,0.8,9.3,27.7,0.57
Jamir Watkins,7.4,1.3,3.9,20.6,0.612
Jannero Pargo,9.2,2.5,2.2,20.9,0.665
Jarace Walker,11.6,2.5,5.1,25.7,0.747
Jared Dudley,8.456,1.733,3.322,24.9,0.543
Jared Jeffries,5.586,1.514,4.543,25.086,0.464
Jared Sullinger,12.3,2.067,8.0,26.067,0.858
Jarell Martin,7.7,1.0,4.4,22.8,0.575
Jaren Jackson,6.3,1.5,2.2,20.9,0.478
Jaren Jackson Jr.,18.675,1.6,5.562,29.162,0.886
Jarred Vanderbilt,7.7,2.133,7.933,24.533,0.724
Jarrett Allen,13.2,1.68,9.26,28.43,0.849
Jarrett Culver,9.2,1.7,3.4,23.9,0.598
Jarrett Jack,10.864,4.564,2.882,27.918,0.656
Jarron Collins,5.9,1.0,4.1,21.3,0.516
Jarvis Hayes,8.7,1.16,3.32,25.2,0.523
Jason Caffey,9.55,1.25,5.9,25.65,0.651
Jason Collins,4.74,1.2,4.9,26.72,0.406
Jason Hart,9.5,5.0,2.7,25.5,0.675
Jason Kapono,9.55,1.25,2.35,24.65,0.533
Jason Kidd,12.153,8.607,6.447,35.653,0.763
Jason Maxiell,7.025,0.625,5.35,22.35,0.582
Jason Richardson,17.031,2.608,4.885,34.4,0.713
Jason Smith,8.95,1.3,4.45,22.75,0.646
Jason Terry,15.133,4.307,2.547,32.253,0.682
Jason Thompson,9.371,1.114,6.929,26.529,0.656
Jason Williams,10.76,5.98,2.28,29.81,0.638
Javaris Crittenton,5.3,2.6,2.9,20.2,0.535
Javon Small,9.7,3.7,3.1,20.2,0.817
Javonte Green,6.5,0.9,3.9,22.6,0.5
Jaxson Hayes,9.3,0.6,4.5,20.0,0.72
Jay Huff,9.5,1.5,4.0,21.0,0.714
Jay Williams,9.5,4.7,2.6,26.1,0.644
Jaylen Brown,21.844,3.189,5.856,32.967,0.937
Jaylen Wells,11.45,1.65,3.3,26.15,0.627
Jaylon Tyson,13.2,2.2,5.1,26.9,0.762
Jayson Tatum,23.762,3.862,7.375,34.575,1.012
Jeff Foster,5.929,1.071,8.0,24.186,0.62
Jeff Green,12.665,1.576,4.324,29.235,0.635
Jeff Hornacek,12.4,2.6,2.4,27.7,0.628
Jeff McInnis,11.32,5.4,2.34,33.44,0.57
Jeff Teague,14.2,6.656,2.711,30.833,0.764
Jelani McCoy,6.8,0.6,5.3,20.4,0.623
Jerami Grant,15.091,1.864,4.0,29.555,0.709
Jeremiah Fears,14.3,3.4,3.7,25.8,0.829
Jeremiah Robinson-Earl,7.5,1.0,5.6,22.2,0.635
Jeremy Lamb,13.567,2.2,4.633,27.067,0.754
Jeremy Lin,12.2,4.45,2.85,28.3,0.689
Jeremy Sochan,11.333,2.767,6.067,26.967,0.748
Jerian Grant,8.4,4.6,2.3,22.8,0.671
Jermaine O'Neal,16.542,1.775,8.4,32.125,0.832
Jerome Williams,7.45,1.05,7.417,25.0,0.637
Jerry Stackhouse,17.267,3.511,3.167,30.944,0.774
Jerryd Bayless,9.357,3.271,2.357,23.657,0.633
Jevon Carter,8.0,2.4,2.5,22.3,0.578
Jim Jackson,11.257,2.614,4.671,30.586,0.606
Jimmy Butler,19.257,4.629,5.586,34.371,0.857
Jiří Welsch,8.35,1.9,3.1,23.7,0.563
Joakim Noah,9.178,2.833,9.467,29.222,0.735
Jock Landale,10.95,1.7,6.1,22.85,0.821
Jodie Meeks,10.72,1.18,2.22,26.34,0.536
Joe Harris,11.483,1.733,3.333,26.633,0.621
Joe Ingles,8.962,4.025,3.35,26.638,0.613
Joe Johnson,15.289,3.763,3.874,33.779,0.679
Joe Smith,9.991,0.918,6.273,24.982,0.688
Joel Anthony,3.4,0.1,3.9,21.1,0.351
Joel Embiid,27.6,3.517,11.45,32.167,1.323
Joel Przybilla,5.7,0.625,7.95,24.175,0.59
John Amaechi,9.2,1.05,3.3,21.0,0.645
John Collins,16.244,1.456,7.878,29.222,0.875
John Henson,9.95,1.55,6.95,26.2,0.704
John Konchar,4.7,1.7,4.5,21.05,0.518
John Salmons,10.731,2.654,3.169,29.438,0.562
John Starks,9.3,2.4,2.1,28.3,0.488
John Stockton,11.95,8.3,2.775,29.475,0.781
John Wall,19.011,8.9,4.2,35.344,0.909
Johnny Newman,10.45,1.1,2.0,23.25,0.583
Jon Barry,7.65,2.675,2.6,22.475,0.575
Jon Leuer,10.2,1.5,5.4,25.9,0.66
Jonas Jerebko,9.0,0.7,5.4,25.4,0.594
Jonas Valančiūnas,13.3,1.4,9.362,25.254,0.953
Jonathan Bender,7.4,0.8,3.1,21.1,0.536
Jonathan Isaac,9.6,1.1,5.5,26.6,0.609
Jonathan Kuminga,13.767,2.1,4.267,23.8,0.846
Jonathan Mogbo,6.2,2.3,4.9,20.4,0.657
Jonathon Simmons,10.4,2.4,2.95,25.0,0.63
Jonny Flynn,13.5,4.4,2.4,28.9,0.702
Jordan Clarkson,15.867,2.9,3.292,27.208,0.811
Jordan Crawford,12.44,3.24,2.7,25.1,0.732
Jordan Farmar,9.6,4.2,2.367,22.467,0.72
Jordan Goodwin,8.7,2.2,4.9,22.5,0.702
Jordan Hawkins,10.8,1.2,2.8,23.6,0.627
Jordan Hill,10.167,1.167,7.167,22.767,0.813
Jordan Miller,10.0,2.3,3.0,22.1,0.692
Jordan Poole,17.12,3.96,2.78,28.38,0.841
Jorge Garbajosa,8.5,1.9,4.9,28.5,0.537
Jose Alvarado,9.067,3.567,2.5,22.6,0.67
Josh Boone,8.2,0.8,7.3,25.3,0.644
Josh Childress,11.225,1.875,5.575,31.7,0.589
Josh Giddey,14.6,6.74,7.7,30.0,0.968
Josh Green,8.233,1.867,2.9,26.633,0.488
Josh Hart,10.691,3.4,7.155,30.736,0.691
Josh Howard,14.614,1.643,5.829,30.686,0.72
Josh Jackson,12.667,2.033,4.367,25.267,0.755
Josh McRoberts,7.3,2.833,5.0,24.9,0.608
Josh Okogie,7.233,1.3,3.267,23.0,0.513
Josh Richardson,11.227,2.564,2.982,27.555,0.609
Josh Smith,14.958,3.167,7.6,33.017,0.779
José Calderón,9.942,6.525,2.6,28.917,0.659
Jrue Holiday,15.919,6.156,4.194,32.606,0.806
Juan Carlos Navarro,10.9,2.2,2.6,25.8,0.609
Juan Dixon,10.05,1.725,1.975,23.125,0.595
Juan Toscano-Anderson,5.7,2.8,4.4,20.9,0.617
Julian Champagnie,10.5,1.45,4.85,25.6,0.656
Julian Strawther,9.0,1.3,2.2,21.3,0.587
Julius Randle,19.509,4.009,8.936,32.355,1.003
Jumaine Jones,9.05,1.125,5.3,26.4,0.586
Junior Harrington,5.1,3.4,3.0,24.4,0.471
Justin Champagnie,8.75,1.1,5.65,20.8,0.745
Justin Edwards,10.1,1.6,3.4,26.3,0.574
Justin Holiday,9.975,1.625,3.3,28.05,0.531
Justin Jackson,6.7,1.2,2.8,21.45,0.499
Justise Winslow,8.933,2.667,5.333,27.667,0.612
Jusuf Nurkić,12.388,2.962,9.5,25.588,0.971
Juwan Howard,13.736,2.082,6.573,31.9,0.702
K.J. McDaniels,8.55,1.25,3.5,23.6,0.564
KJ Martin,9.3,1.25,4.4,23.475,0.637
Kareem Rush,8.933,1.267,2.167,21.667,0.571
Karl Malone,20.98,4.22,8.58,35.7,0.946
Karl-Anthony Towns,22.756,3.078,11.211,33.744,1.098
Kawhi Leonard,20.808,3.15,6.417,31.925,0.951
Keegan Murray,13.267,1.433,5.6,32.567,0.623
Keita Bates-Diop,9.7,1.5,3.7,21.7,0.687
Keith Bogans,8.425,1.55,3.525,25.525,0.529
Keith McLeod,7.8,4.5,2.1,26.1,0.552
Keith Van Horn,14.938,1.55,6.6,30.375,0.76
Kel'el Ware,10.2,0.8,8.2,22.15,0.867
Keldon Johnson,15.567,2.1,5.467,28.3,0.817
Kelenna Azubuike,11.45,1.25,4.5,26.75,0.643
Kelly Olynyk,10.175,2.642,5.3,23.042,0.786
Kelly Oubre Jr.,14.927,1.318,5.009,29.582,0.719
Kelvin Cato,7.1,0.6,6.625,24.95,0.574
Kemba Walker,19.63,5.32,3.84,33.44,0.861
Kendall Gill,9.275,1.95,3.225,25.775,0.561
Kendall Marshall,8.0,8.8,2.9,29.0,0.679
Kendrick Nunn,14.95,2.95,2.95,29.4,0.709
Kendrick Perkins,6.55,1.217,6.6,25.917,0.554
Kenneth Faried,11.683,1.05,8.45,25.35,0.836
Kenny Anderson,9.867,4.4,2.7,28.067,0.605
Kenny Thomas,10.15,1.62,7.3,29.0,0.658
Kenrich Williams,7.375,2.075,4.575,22.45,0.625
Kent Bazemore,10.633,2.217,4.05,26.217,0.645
Kentavious Caldwell-Pope,11.333,1.983,3.017,29.783,0.548
Kenyon Martin,12.555,1.918,6.955,31.018,0.691
Keon Clark,8.7,0.94,6.0,22.86,0.684
Keon Ellis,7.5,1.25,2.3,22.45,0.492
Keon Johnson,10.6,2.2,3.8,24.4,0.68
Kerry Kittles,13.125,2.5,3.725,31.75,0.609
Kessler Edwards,5.9,0.6,3.6,20.6,0.49
Kevin Durant,27.244,4.425,6.906,36.781,1.049
Kevin Garnett,17.312,3.588,10.088,33.059,0.937
Kevin Huerter,11.0,2.76,3.4,26.41,0.65
Kevin Knox,12.8,1.1,4.5,28.8,0.639
Kevin Love,16.485,2.277,10.1,29.538,0.977
Kevin Martin,19.289,2.133,3.422,32.844,0.756
Kevin Ollie,5.925,3.55,2.225,21.925,0.534
Kevin Porter Jr.,14.933,4.7,4.3,29.6,0.809
Kevin Séraphin,8.5,0.65,4.65,21.2,0.651
Kevin Willis,8.833,0.633,6.7,23.133,0.699
Kevon Looney,6.5,2.25,8.3,22.5,0.758
Keyon Dooling,8.525,2.6,1.6,23.325,0.546
Keyonte George,17.8,5.367,3.433,30.533,0.871
Khem Birch,7.2,1.3,5.8,22.8,0.627
Khris Middleton,16.88,4.01,4.92,30.92,0.835
Killian Hayes,8.033,5.1,2.967,25.767,0.625
Kirk Hinrich,10.992,4.823,2.908,31.131,0.601
Klay Thompson,18.383,2.208,3.367,31.233,0.767
Kobe Bryant,27.0,5.047,5.58,38.133,0.987
Kon Knueppel,18.5,3.4,5.3,31.5,0.863
Kosta Koufos,7.3,0.55,6.3,21.2,0.667
Kris Dunn,9.14,4.36,3.74,27.14,0.635
Kris Humphries,9.975,1.025,8.575,26.1,0.75
Kris Murray,5.95,1.35,3.6,22.55,0.483
Kristaps Porziņģis,19.844,1.833,7.778,30.7,0.959
Kurt Thomas,9.54,1.34,7.83,28.25,0.662
Kwame Brown,8.167,1.1,6.167,25.867,0.597
Ky Bowman,7.4,2.9,2.7,22.6,0.575
Kyle Anderson,8.617,3.517,5.167,26.05,0.664
Kyle Filipowski,10.5,2.25,6.65,22.25,0.872
Kyle Korver,10.34,1.793,3.08,26.7,0.57
Kyle Kuzma,16.533,2.656,6.1,30.556,0.828
Kyle Lowry,14.017,6.1,4.233,31.394,0.776
Kyle Singler,7.875,1.025,3.175,25.525,0.473
Kyle Weaver,5.3,1.8,2.3,20.8,0.452
Kyrie Irving,23.685,5.515,4.154,34.538,0.966
Kyshawn George,11.75,3.5,4.65,27.75,0.717
LaMarcus Aldridge,19.033,1.9,8.113,33.46,0.868
LaMelo Ball,20.275,7.05,5.575,30.275,1.087
LaPhonso Ellis,8.3,0.967,5.1,23.967,0.599
Lamar Odom,14.058,3.767,8.558,34.433,0.766
Lamond Murray,15.1,1.867,5.1,31.033,0.711
Lance Stephenson,10.0,3.575,5.2,28.225,0.665
Lance Thomas,7.4,1.0,2.85,23.325,0.482
Landry Fields,7.733,1.9,4.9,26.667,0.545
Landry Shamet,8.9,1.629,1.729,22.529,0.544
Langston Galloway,9.1,1.817,2.733,24.233,0.563
Larry Hughes,13.958,3.083,4.125,30.575,0.692
Larry Johnson,10.3,2.25,5.5,32.5,0.555
Larry Nance Jr.,7.9,1.725,6.35,22.925,0.697
Larry Sanders,9.8,1.2,9.5,27.3,0.751
Latrell Sprewell,16.95,3.6,3.9,37.883,0.645
Lauri Markkanen,19.056,1.533,7.044,31.3,0.883
Lavoy Allen,5.6,0.95,5.2,20.65,0.569
LeBron James,26.739,7.413,7.478,37.391,1.113
Leandro Barbosa,13.188,2.4,2.262,25.512,0.7
Lee Nailon,12.5,1.4,4.05,26.95,0.666
Linas Kleiza,10.233,0.967,4.1,22.567,0.678
Lindsey Hunter,11.4,3.35,2.55,30.0,0.577
Lonnie Walker IV,11.667,1.667,2.367,23.867,0.658
Lonzo Ball,11.625,6.325,5.775,32.1,0.739
Lorenzen Wright,10.1,1.017,7.333,26.917,0.685
Lou Amundson,6.0,1.6,6.0,20.9,0.651
Lou Williams,15.227,3.647,2.367,25.647,0.828
Luc Mbah a Moute,7.25,0.962,4.55,25.1,0.508
Lucious Harris,8.925,1.85,2.925,24.2,0.566
Luguentz Dort,12.367,1.617,3.95,29.567,0.607
Luis Scola,12.988,1.738,7.038,27.512,0.791
Luka Dončić,29.262,8.238,8.5,35.05,1.312
Luke Kennard,9.1,2.1,2.657,22.457,0.617
Luke Kornet,6.5,1.9,6.1,21.0,0.69
Luke Ridnour,10.478,5.022,2.444,28.6,0.627
Luke Walton,9.3,3.6,4.45,28.2,0.615
Luol Deng,14.779,2.3,6.036,34.464,0.671
Luther Head,9.85,2.55,3.25,28.25,0.554
Malaki Branham,9.7,2.0,2.35,22.4,0.627
Malcolm Brogdon,15.233,4.55,4.167,29.383,0.815
Malik Allen,9.6,0.7,5.3,29.0,0.538
Malik Beasley,12.614,1.486,3.071,25.743,0.667
Malik Monk,13.486,3.529,2.843,24.6,0.807
Malik Rose,9.167,1.033,5.933,22.3,0.723
Malik Sealy,11.3,2.4,4.3,29.2,0.616
Manu Ginóbili,13.877,3.869,3.654,26.208,0.817
MarShon Brooks,12.6,2.3,3.6,29.4,0.629
Marc Gasol,14.538,3.546,7.662,33.0,0.78
Marc Jackson,12.6,1.1,6.25,26.9,0.742
Marcin Gortat,11.978,1.289,9.089,29.689,0.753
Marco Belinelli,10.555,1.818,2.164,24.355,0.597
Marcus Banks,11.0,4.25,2.6,28.25,0.632
Marcus Camby,8.7,2.123,10.715,29.8,0.723
Marcus Fizer,10.9,1.35,4.95,23.85,0.721
Marcus Morris,13.383,1.55,4.742,28.2,0.698
Marcus Smart,10.55,4.53,3.48,29.99,0.619
Marcus Thornton,12.8,1.45,3.017,26.233,0.658
Mario Chalmers,9.07,3.71,2.47,26.1,0.584
Mario Elie,5.95,2.15,2.75,25.1,0.432
Mario Hezonja,9.2,1.45,3.9,21.45,0.678
Mark Blount,10.317,0.983,5.217,27.3,0.605
Mark Bryant,5.7,0.8,4.7,22.8,0.491
Mark Jackson,8.15,8.15,3.65,30.125,0.662
Mark Williams,13.5,1.75,9.1,25.1,0.97
Markelle Fultz,11.3,4.533,3.467,26.167,0.738
Markieff Morris,11.656,1.689,5.211,25.456,0.729
Marko Jarić,7.867,3.983,2.883,27.283,0.54
Marquese Chriss,8.733,1.267,5.3,20.933,0.731
Marquis Daniels,10.275,2.225,3.675,26.1,0.62
Marreese Speights,8.8,0.8,6.2,22.4,0.705
Martell Webster,9.271,1.114,3.371,25.586,0.538
Marvin Bagley III,12.417,1.033,6.783,23.3,0.868
Marvin Williams,10.514,1.3,5.279,28.679,0.596
Mason Plumlee,9.667,3.078,7.933,25.367,0.815
Matas Buzelis,16.3,2.1,5.8,29.2,0.829
Matisse Thybulle,5.0,1.167,2.1,22.8,0.363
Matt Barnes,9.16,2.11,5.04,26.09,0.625
Matt Bonner,7.4,0.875,3.825,21.95,0.551
Matt Carroll,10.55,1.1,2.85,25.65,0.565
Matt Geiger,9.7,0.6,6.0,21.6,0.755
Matt Harpring,13.1,1.55,5.667,29.833,0.681
Matt Maloney,6.55,2.75,1.7,24.25,0.454
Matthew Dellavedova,6.633,4.033,1.967,23.767,0.532
Maurice Evans,8.02,0.88,2.8,22.76,0.514
Maurice Harkless,7.3,1.0,3.886,24.3,0.501
Maurice Taylor,11.46,1.3,4.94,26.68,0.663
Max Christie,10.133,1.767,3.067,27.167,0.551
Max Strus,10.925,2.675,3.825,27.3,0.638
Maxi Kleber,6.88,1.28,4.84,23.68,0.549
Maxime Raynaud,12.5,1.4,7.5,26.5,0.808
Mehmet Okur,14.729,1.814,7.457,30.814,0.779
Melvin Ely,8.55,1.15,4.5,22.25,0.638
Metta World Peace,14.386,2.964,4.814,34.107,0.65
Meyers Leonard,7.25,1.3,5.1,21.1,0.647
Michael Beasley,13.783,1.45,5.2,25.5,0.801
Michael Carter-Williams,14.45,6.4,5.7,32.875,0.808
Michael Curry,4.6,1.7,1.9,22.55,0.364
Michael Dickerson,17.25,2.9,3.35,37.6,0.625
Michael Finley,15.72,2.71,4.34,34.22,0.665
Michael Jordan,21.45,4.5,5.9,35.95,0.886
Michael Kidd-Gilchrist,9.1,1.22,5.94,26.62,0.611
Michael Olowokandi,8.975,0.7,7.3,27.675,0.613
Michael Porter Jr.,19.1,1.74,6.78,31.64,0.873
Michael Redd,20.857,2.286,4.186,34.157,0.8
Michael Smith,5.05,1.25,7.15,22.65,0.594
Mickaël Piétrus,9.15,0.9,3.283,23.1,0.577
Mikal Bridges,14.889,2.911,3.989,33.511,0.65
Mike Bibby,14.777,5.446,3.131,34.223,0.682
Mike Conley,13.872,5.756,2.933,30.994,0.728
Mike Dunleavy,12.258,2.383,4.683,30.1,0.642
Mike James,11.078,3.956,2.589,27.622,0.638
Mike Miller,12.746,2.946,4.908,30.985,0.665
Mike Muscala,7.333,1.167,4.133,20.833,0.606
Mikki Moore,9.15,0.95,5.55,27.75,0.564
Miles Bridges,15.971,2.771,6.171,30.971,0.804
Miles McBride,10.75,2.75,2.45,25.6,0.623
Miles Plumlee,8.1,0.5,7.8,24.6,0.667
Miloš Teodosić,9.5,4.6,2.8,25.2,0.671
Milt Palacio,4.7,3.15,2.3,22.6,0.449
Mirza Teletović,10.35,1.15,4.35,21.8,0.727
Mitch Richmond,17.4,2.5,2.9,32.4,0.704
Mitchell Robinson,8.225,0.65,7.85,24.1,0.694
Mo Bamba,10.6,1.2,8.1,25.7,0.774
Mo Williams,13.883,5.392,2.858,30.708,0.721
Monta Ellis,18.61,4.86,3.51,35.94,0.751
Monte Morris,10.5,4.0,2.54,25.8,0.66
Montrezl Harrell,15.18,1.78,6.52,24.88,0.944
Monty Williams,8.7,1.4,3.3,20.0,0.67
Moochie Norris,7.35,4.2,2.7,23.8,0.599
Mookie Blaylock,11.15,6.7,3.8,33.9,0.639
Morris Peterson,11.0,1.589,3.522,27.933,0.577
Moses Brown,8.6,0.2,8.9,21.4,0.827
Moses Moody,10.95,1.45,2.95,24.0,0.64
Moussa Diabaté,7.9,1.9,8.7,26.0,0.712
Muggsy Bogues,5.1,3.7,1.7,21.6,0.486
Myles Turner,13.727,1.255,6.618,28.582,0.756
Naji Marshall,12.5,2.933,4.367,26.867,0.737
Nassir Little,9.8,1.3,5.6,25.9,0.645
Nate Robinson,12.267,3.217,2.65,24.583,0.738
Nate Wolters,7.2,3.2,2.6,22.6,0.575
Naz Reid,13.767,1.933,5.8,25.933,0.829
Nazr Mohammed,9.1,0.633,7.067,23.85,0.704
Neemias Queta,10.2,1.7,8.4,25.3,0.802
Nemanja Bjelica,9.3,2.0,5.433,23.867,0.701
Nenad Krstić,9.55,0.7,5.217,24.767,0.624
Nenê,12.48,2.03,6.58,29.0,0.727
Nerlens Noel,8.7,1.3,7.1,26.2,0.653
Nic Claxton,11.02,2.16,7.8,27.02,0.776
Nick Anderson,10.8,1.7,4.7,29.1,0.591
Nick Collison,7.157,1.029,6.271,24.029,0.602
Nick Richards,9.5,0.85,8.1,24.15,0.764
Nick Smith Jr.,9.9,2.4,2.1,22.8,0.632
Nick Van Exel,16.2,6.8,3.4,34.467,0.766
Nick Young,14.275,1.175,2.3,26.788,0.663
Nickeil Alexander-Walker,12.1,2.717,2.983,25.483,0.698
Nicolas Batum,10.514,3.429,5.107,30.486,0.625
Nik Stauskas,9.0,2.15,2.65,26.1,0.529
Nikola Jokić,22.445,7.6,11.127,32.127,1.282
Nikola Jović,10.7,2.8,3.9,25.1,0.693
Nikola Mirotić,12.68,1.3,6.14,24.68,0.815
Nikola Peković,15.9,0.833,8.3,29.767,0.841
Nikola Vučević,17.994,3.125,10.544,31.956,0.991
Nique Clifford,8.6,2.4,3.8,25.1,0.59
Noah Clowney,10.7,1.25,4.0,24.85,0.642
Noah Vonleh,8.4,1.9,7.8,25.3,0.715
Nolan Traoré,8.9,3.8,1.8,22.2,0.653
Norman Powell,18.478,1.911,3.167,30.111,0.782
Norris Cole,7.725,3.4,2.45,25.0,0.543
O.J. Mayo,13.262,2.888,3.038,30.125,0.637
OG Anunoby,13.633,1.811,4.544,30.978,0.645
Obi Toppin,10.3,1.6,3.9,21.1,0.749
Ochai Agbaji,8.033,1.233,2.9,22.9,0.531
Olden Polynice,5.3,0.45,5.1,21.1,0.514
Oliver Miller,6.3,1.3,5.1,21.3,0.596
Omri Casspi,9.34,1.22,4.42,23.6,0.635
Onyeka Okongwu,11.38,1.76,7.28,25.64,0.796
Oshae Brissett,9.1,1.1,5.3,23.3,0.665
Oso Ighodaro,6.5,2.3,5.1,22.0,0.632
Othella Harrington,9.68,0.82,5.92,26.24,0.626
Otto Porter Jr.,12.4,1.783,5.817,29.3,0.683
P.J. Brown,9.2,1.575,8.162,31.25,0.606
P.J. Tucker,6.808,1.433,5.55,29.042,0.475
P.J. Washington,13.312,2.188,5.962,30.425,0.705
PJ Dozier,7.7,1.8,3.6,21.8,0.601
Paolo Banchero,22.675,4.775,7.425,34.5,1.011
Pascal Siakam,20.27,3.94,7.06,32.98,0.948
Pat Connaughton,7.36,1.58,4.18,23.06,0.569
Pat Garrity,10.033,1.133,3.6,27.6,0.535
Patrick Beverley,8.32,3.41,4.15,27.46,0.578
Patrick Ewing,12.3,1.05,8.55,29.75,0.736
Patrick Patterson,8.625,1.225,4.8,24.725,0.593
Patrick Williams,9.08,1.52,3.86,25.8,0.56
Patty Mills,10.243,2.657,1.871,23.957,0.617
Pau Gasol,17.306,3.241,9.306,33.876,0.881
Paul George,20.238,3.685,6.162,33.277,0.904
Paul Millsap,14.208,2.338,7.315,29.331,0.814
Paul Pierce,20.869,3.75,5.769,35.462,0.857
Payton Pritchard,13.633,4.033,3.633,27.7,0.769
Peja Stojaković,17.909,1.8,5.027,35.1,0.705
Pelle Larsson,11.4,3.4,3.5,26.4,0.693
Peyton Watson,11.35,1.75,4.15,27.0,0.639
Popeye Jones,7.0,1.6,7.3,24.3,0.654
Precious Achiuwa,8.367,1.133,6.433,22.467,0.709
Predrag Drobnjak,8.9,0.85,3.65,22.2,0.604
Primož Brezec,12.7,0.9,6.5,29.5,0.681
Quentin Grimes,10.633,2.167,3.15,24.867,0.641
Quentin Richardson,11.467,1.667,5.211,29.222,0.628
Quincy Pondexter,7.533,1.267,2.633,24.267,0.471
Quinton Ross,5.0,1.233,2.5,21.633,0.404
Qyntel Woods,6.7,1.0,3.9,20.7,0.56
R.J. Hampton,7.6,2.5,3.0,21.9,0.598
RJ Barrett,18.871,3.343,5.514,32.557,0.852
Raef LaFrentz,11.7,1.186,6.743,28.771,0.682
Rafer Alston,11.344,5.167,3.1,32.044,0.612
Raja Bell,12.212,2.038,3.3,33.025,0.531
Rajon Rondo,9.815,7.985,4.623,30.3,0.74
Ramon Sessions,11.422,4.356,2.811,24.878,0.747
Randy Brown,5.25,3.15,2.1,25.2,0.417
Randy Foye,10.656,2.8,2.156,25.878,0.603
Rashad McCants,14.9,2.2,2.7,26.9,0.736
Rashard Lewis,17.473,1.936,5.873,36.409,0.694
Rasheed Wallace,15.133,1.95,7.008,33.808,0.713
Rasho Nesterović,7.7,1.143,5.886,24.929,0.591
Rasual Butler,9.517,0.95,2.917,26.183,0.511
Raul Neto,8.7,2.3,2.4,21.9,0.612
Ray Allen,19.45,3.362,4.025,35.781,0.75
Ray McCallum,7.4,2.8,2.6,21.1,0.607
Raymond Felton,12.533,6.1,3.217,32.917,0.664
Reed Sheppard,13.5,3.4,2.9,26.2,0.756
Reggie Bullock,10.233,1.683,3.083,29.467,0.509
Reggie Evans,4.68,0.62,8.4,22.56,0.607
Reggie Jackson,13.542,4.492,2.967,27.1,0.775
Reggie Miller,15.15,2.733,2.767,33.85,0.61
Reggie Williams,9.2,1.5,2.7,20.3,0.66
Richard Hamilton,17.633,3.558,3.167,33.0,0.738
Richard Jefferson,13.762,2.208,4.331,31.785,0.639
Richaun Holmes,11.675,1.2,7.225,25.55,0.787
Rick Brunson,5.5,5.1,2.3,24.3,0.531
Rick Fox,8.833,3.333,4.333,28.167,0.586
Ricky Davis,16.3,3.911,4.089,34.789,0.698
Ricky Rubio,11.044,7.611,4.111,30.433,0.748
Rik Smits,12.9,1.1,5.1,23.4,0.816
Robert Covington,11.289,1.478,5.911,29.844,0.626
Robert Horry,6.05,2.25,5.2,24.5,0.551
Robert Swift,6.4,0.2,5.6,21.0,0.581
Robert Williams,10.0,2.0,9.6,29.6,0.73
Robin Lopez,10.571,1.157,6.129,26.957,0.662
Rod Strickland,9.75,5.95,2.875,26.9,0.691
Rodions Kurucs,8.5,0.8,3.9,20.5,0.644
Rodney Buford,8.2,1.05,3.65,24.3,0.531
Rodney Hood,12.333,1.9,2.767,26.85,0.633
Rodney McGruder,7.0,1.65,3.45,24.35,0.497
Rodney Rogers,11.0,1.783,4.633,24.667,0.706
Rodney Stuckey,13.4,3.738,3.038,28.862,0.699
Rodney White,9.0,1.7,3.0,21.7,0.631
Rodrigue Beaubois,8.9,2.9,2.8,21.7,0.673
Roger Mason,10.45,1.9,2.35,25.9,0.568
Ron Harper,6.75,2.9,3.85,24.85,0.543
Ron Mercer,15.0,2.52,3.4,33.96,0.616
Ronald Murray,10.2,2.412,2.062,23.225,0.632
Rondae Hollis-Jefferson,10.5,2.033,5.967,23.9,0.774
Ronnie Brewer,9.517,2.217,3.317,27.983,0.538
Ronnie Price,5.1,3.8,1.6,22.8,0.461
Ronny Turiaf,5.4,2.1,4.55,21.15,0.57
Roy Hibbert,10.914,1.5,6.986,27.071,0.717
Royce O'Neale,7.633,2.578,4.944,27.322,0.555
Ruben Patterson,11.2,1.811,4.178,25.333,0.679
Rudy Fernández,9.033,2.167,2.5,24.033,0.57
Rudy Gay,16.838,2.231,5.794,32.556,0.764
Rudy Gobert,13.017,1.442,12.125,31.883,0.834
Rui Hachimura,12.571,1.229,4.643,27.757,0.664
Russell Westbrook,20.668,7.884,6.895,32.737,1.083
Ryan Anderson,13.786,0.957,5.714,28.4,0.72
Ryan Arcidiacono,6.7,3.3,2.7,24.2,0.525
Ryan Bowen,4.9,0.7,4.0,22.5,0.427
Ryan Gomes,10.617,1.533,4.833,28.683,0.592
Ryan Kalkbrenner,7.6,0.8,5.5,21.4,0.65
Ryan Kelly,7.2,1.7,3.25,22.95,0.529
Ryan Rollins,17.3,5.6,4.6,32.1,0.857
Saddiq Bey,14.717,1.883,5.233,30.1,0.725
Salim Stoudamire,9.7,1.2,1.9,20.3,0.631
Sam Cassell,16.689,6.267,3.467,31.5,0.839
Sam Hauser,8.9,1.133,3.5,22.833,0.593
Sam Merrill,12.8,2.4,2.6,26.5,0.672
Sam Perkins,6.6,0.8,3.6,20.0,0.55
Sam Young,7.3,0.9,2.4,20.2,0.525
Samaki Walker,6.7,0.9,7.0,24.0,0.608
Samuel Dalembert,8.14,0.53,8.27,25.97,0.652
Sandro Mamukelashvili,11.2,1.9,4.9,21.9,0.822
Santi Aldama,11.55,2.35,5.925,25.425,0.78
Sasha Pavlović,8.2,1.6,2.45,23.1,0.53
Sasha Vujačić,10.6,2.15,3.05,26.55,0.595
Scoot Henderson,13.35,5.25,3.05,27.6,0.784
Scot Pollard,6.45,0.65,6.55,22.5,0.607
Scott Williams,7.6,0.4,6.6,21.9,0.667
Scottie Barnes,17.58,5.22,7.5,34.28,0.884
Scottie Pippen,11.3,5.0,5.25,32.225,0.669
Scotty Pippen Jr.,9.9,4.4,3.3,21.3,0.826
Sean Elliott,7.9,1.6,3.3,23.6,0.542
Sean Kilpatrick,13.1,2.2,4.0,25.1,0.769
Sebastian Telfair,8.675,4.225,1.8,26.1,0.563
Serge Ibaka,13.183,0.933,7.425,29.133,0.739
Sergio Rodríguez,7.8,5.1,2.3,22.3,0.682
Seth Curry,13.54,2.98,2.76,30.1,0.641
Shabazz Muhammad,10.5,0.6,3.3,20.5,0.702
Shabazz Napier,9.5,3.35,2.55,22.35,0.689
Shaedon Sharpe,16.4,2.2,3.933,27.633,0.815
Shai Gilgeous-Alexander,25.657,5.314,4.757,33.257,1.074
Shake Milton,9.75,2.85,2.4,21.325,0.703
Shammond Williams,7.65,2.95,2.2,23.5,0.545
Shandon Anderson,9.325,1.95,3.675,26.975,0.554
Shane Battier,8.5,1.821,4.193,30.586,0.475
Shane Larkin,6.75,3.7,2.3,23.45,0.544
Shannon Brown,9.867,1.433,2.467,22.733,0.606
Shaquille O'Neal,21.655,2.527,10.073,33.218,1.031
Shareef Abdur-Rahim,17.478,2.5,7.856,34.622,0.804
Shaun Livingston,7.38,3.94,2.9,25.2,0.564
Shawn Bradley,7.4,0.667,6.6,23.5,0.624
Shawn Kemp,12.3,1.2,7.25,25.55,0.812
Shawn Marion,15.247,1.935,8.888,35.029,0.744
Shawne Williams,6.85,0.75,3.45,20.85,0.53
Shelden Williams,4.6,0.6,6.0,22.0,0.509
Shelvin Mack,7.86,3.34,2.14,21.44,0.622
Simone Fontecchio,9.7,1.5,3.6,24.05,0.615
Sion James,5.4,2.0,3.5,22.5,0.484
Skal Labissière,8.7,1.2,4.8,20.7,0.71
Smush Parker,11.3,3.25,2.9,31.9,0.547
Solomon Hill,6.175,1.6,3.4,25.0,0.447
Sonny Weems,9.2,1.8,2.6,23.9,0.569
Speedy Claxton,10.0,4.817,2.65,27.6,0.633
Spencer Dinwiddie,13.882,5.364,3.264,29.555,0.762
Spencer Hawes,10.967,2.35,7.15,27.733,0.738
Spencer Jones,5.5,0.8,3.3,22.1,0.434
Stacey Augmon,5.8,1.2,2.5,20.5,0.463
Stanislav Medvedenko,8.3,0.8,5.0,21.2,0.665
Stanley Johnson,7.75,1.55,3.675,23.325,0.556
Stephen Curry,25.353,6.24,4.707,33.987,1.068
Stephen Jackson,16.625,3.342,4.192,34.108,0.708
Stephon Castle,15.7,5.75,4.5,28.35,0.915
Stephon Marbury,20.356,7.811,3.089,38.778,0.806
Sterling Brown,8.2,1.4,4.4,24.1,0.581
Steve Blake,7.336,4.536,2.327,27.218,0.522
Steve Francis,17.811,5.933,5.467,37.411,0.781
Steve Nash,15.443,9.3,3.179,33.271,0.839
Steve Novak,6.6,0.4,1.9,20.3,0.438
Steve Smith,13.367,2.367,3.233,30.967,0.612
Steven Adams,9.867,1.722,8.9,28.244,0.725
Steven Hunter,6.4,0.4,4.8,22.9,0.507
Stromile Swift,10.125,0.625,5.25,22.575,0.709
Svi Mykhailiuk,8.967,1.833,2.3,21.933,0.597
T.J. Ford,11.767,6.033,3.217,28.583,0.735
T.J. McConnell,7.625,5.625,3.225,23.75,0.694
T.J. Warren,16.56,1.26,4.3,30.26,0.731
Taj Gibson,9.542,1.008,6.35,25.408,0.665
Talen Horton-Tucker,9.9,3.1,3.0,21.833,0.733
Tarence Kinsey,7.7,0.9,2.0,20.1,0.527
Tari Eason,10.6,1.367,6.233,24.067,0.756
Tariq Abdul-Wahad,11.8,1.6,5.0,26.05,0.706
Taurean Prince,10.771,1.914,3.814,26.5,0.623
Taylor Hendricks,7.3,0.8,4.6,21.4,0.593
Tayshaun Prince,12.054,2.569,4.592,32.785,0.586
Terance Mann,8.66,2.26,3.64,24.42,0.596
Terrance Ferguson,5.4,0.95,1.6,24.25,0.328
Terrell Brandon,16.55,8.2,3.6,36.3,0.781
Terrence Jones,10.775,1.05,5.675,24.125,0.725
Terrence Ross,11.245,1.318,2.791,24.855,0.618
Terrence Williams,8.4,2.9,4.5,22.6,0.699
Terry Mills,6.7,1.0,4.8,22.5,0.556
Terry Porter,8.3,3.2,2.65,22.35,0.633
Terry Rozier,16.188,3.988,4.188,30.712,0.793
Thabo Sefolosha,6.222,1.556,3.989,24.633,0.478
Thaddeus Young,13.12,1.9,5.86,30.067,0.694
Theo Ratliff,8.414,0.786,6.886,30.314,0.531
Thomas Bryant,11.933,1.267,6.767,22.367,0.893
Théo Maledon,10.1,3.5,3.2,27.4,0.613
Tiago Splitter,9.25,1.55,6.3,23.1,0.74
Tidjane Salaün,5.9,1.2,4.7,20.7,0.57
Tim Duncan,18.594,3.065,10.665,33.259,0.972
Tim Frazier,7.1,5.2,2.7,23.5,0.638
Tim Hardaway,11.875,5.375,2.275,28.3,0.69
Tim Hardaway Jr.,14.677,1.938,3.023,28.531,0.688
Tim Thomas,12.622,1.822,4.489,28.756,0.658
Timofey Mozgov,9.275,0.775,6.375,23.05,0.713
Tobias Harris,16.471,2.394,6.318,32.288,0.78
Todd MacCulloch,9.7,1.3,6.1,24.2,0.707
Tom Gugliotta,7.925,1.625,5.375,24.825,0.601
Tomáš Satoranský,8.425,4.75,3.25,25.25,0.65
Toney Douglas,9.65,2.8,2.65,22.5,0.671
Toni Kukoč,9.914,3.243,3.843,24.386,0.697
Tony Allen,8.957,1.371,4.229,25.071,0.581
Tony Battie,6.457,0.571,5.729,23.614,0.54
Tony Delk,10.82,2.04,3.04,24.84,0.64
Tony Parker,16.219,5.838,2.794,31.556,0.787
Tony Snell,6.8,1.4,2.48,25.16,0.424
Tony Wroten,13.0,3.0,3.2,24.5,0.784
Torrey Craig,6.55,1.2,4.175,21.375,0.558
Toumani Camara,10.733,1.967,5.267,30.267,0.594
Tracy McGrady,23.22,5.06,6.08,36.3,0.947
Tracy Murray,10.2,0.9,3.4,22.9,0.633
Trae Young,25.5,9.871,3.5,34.514,1.126
Travis Best,8.8,4.26,2.04,24.58,0.614
Travis Diener,6.9,3.8,1.7,20.5,0.605
Travis Outlaw,11.225,1.025,3.975,26.525,0.612
Tre Johnson,12.2,2.0,2.8,24.1,0.705
Tre Jones,12.333,6.067,3.5,28.0,0.782
Tre Mann,9.85,2.75,3.25,23.45,0.676
Trendon Watford,10.2,2.6,3.6,20.8,0.788
Trenton Hassell,6.075,1.812,3.0,26.262,0.415
Trevor Ariza,11.564,2.464,5.1,32.036,0.597
Trevor Booker,7.775,1.175,6.375,23.05,0.665
Trey Burke,12.067,4.1,2.5,27.9,0.669
Trey Lyles,8.033,1.167,5.067,20.233,0.705
Trey Murphy III,18.0,2.725,4.825,32.775,0.78
Tristan Da Silva,8.55,1.55,3.5,23.35,0.582
Tristan Thompson,9.23,1.09,8.63,27.31,0.694
Troy Brown Jr.,8.75,1.95,4.85,25.15,0.618
Troy Daniels,8.9,0.6,1.6,20.5,0.541
Troy Hudson,10.85,4.075,1.95,25.85,0.653
Troy Murphy,12.95,1.788,9.05,31.225,0.762
Ty Lawson,11.922,5.722,2.622,28.422,0.713
Tyler Hansbrough,10.15,0.55,4.8,21.85,0.709
Tyler Herro,19.017,3.967,5.0,32.35,0.865
Tyler Johnson,11.775,2.725,3.3,27.65,0.644
Tyler Ulis,7.8,4.4,1.8,23.4,0.598
Tyler Zeller,9.05,1.3,5.7,23.75,0.676
Tyreke Evans,16.288,4.825,4.638,31.625,0.814
Tyrese Haliburton,17.0,8.567,3.667,33.167,0.881
Tyrese Martin,8.7,2.0,3.7,21.9,0.658
Tyrese Maxey,23.66,5.34,3.44,36.42,0.891
Tyrone Hill,9.067,0.7,8.4,28.967,0.627
Tyrone Nesby,9.075,1.4,3.45,25.925,0.537
Tyronn Lue,10.571,3.986,2.0,26.914,0.615
Tyrus Thomas,10.133,0.9,6.033,23.7,0.72
Tyson Chandler,8.8,0.847,9.673,28.993,0.666
Tyus Jones,9.62,5.4,2.4,24.9,0.7
Udonis Haslem,9.588,1.05,8.012,30.388,0.614
VJ Edgecombe,16.0,4.2,5.6,35.0,0.737
Vernon Maxwell,10.9,1.6,1.7,21.0,0.676
Victor Oladipo,16.233,3.75,4.267,32.217,0.753
Victor Wembanyama,23.567,3.567,11.033,30.7,1.243
Viktor Khryapa,5.8,1.3,4.4,21.6,0.532
Vin Baker,13.175,1.4,6.25,29.875,0.697
Vince Carter,19.561,3.528,4.728,33.467,0.831
Vince Williams Jr.,8.75,3.8,4.75,24.05,0.719
Vincent Yarbrough,6.9,2.2,2.7,23.4,0.504
Vit Krejci,7.2,2.6,2.7,20.2,0.619
Vitaly Potapenko,7.933,0.867,5.567,22.567,0.637
Vlade Divac,11.04,3.66,7.52,29.52,0.753
Vladimir Radmanović,9.288,1.512,4.3,24.95,0.605
Vladimir Stepania,5.6,0.3,7.0,20.2,0.639
Vonteego Cummings,8.35,3.35,2.3,23.3,0.601
Voshon Lenard,12.82,2.24,2.9,28.18,0.637
Vít Krejčí,8.75,1.5,2.2,21.85,0.57
Walker Kessler,9.467,1.167,9.367,25.433,0.786
Wally Szczerbiak,14.81,2.38,4.01,31.35,0.676
Walt Williams,9.533,1.6,3.6,23.267,0.633
Walter Clayton,7.8,4.0,2.0,20.4,0.676
Walter McCarty,7.0,1.45,3.3,24.25,0.485
Wayne Ellington,9.6,1.286,2.329,23.657,0.559
Wayne Selden,8.0,1.7,3.2,22.9,0.563
Wendell Carter Jr.,11.862,1.962,8.162,27.525,0.799
Wesley Johnson,7.717,1.233,3.383,24.6,0.501
Wesley Matthews,12.508,2.046,2.9,30.869,0.565
Wesley Person,10.6,1.8,3.275,28.25,0.555
Will Barton,13.971,3.386,4.971,30.571,0.73
Will Bynum,10.0,4.5,2.3,26.5,0.634
Will Richard,6.4,1.3,2.5,20.0,0.51
Will Riley,10.3,2.0,2.9,22.1,0.688
Willie Cauley-Stein,9.36,1.64,6.54,23.98,0.731
Willie Green,9.92,1.72,2.02,23.42,0.583
Wilson Chandler,13.36,1.81,5.44,31.05,0.664
Xavier Henry,10.0,1.2,2.7,21.1,0.659
Yao Ming,19.757,1.657,9.414,33.029,0.933
Yi Jianlian,9.733,0.9,5.9,26.7,0.619
Yogi Ferrell,10.1,3.1,2.7,26.9,0.591
Yves Missi,9.1,1.4,8.2,26.8,0.698
Zaccharie Risacher,11.1,1.15,3.7,23.5,0.679
Zach Collins,11.4,2.85,5.9,22.5,0.896
Zach Edey,9.2,1.0,8.3,21.5,0.86
Zach LaVine,21.61,4.07,4.17,33.42,0.893
Zach Randolph,18.05,2.014,9.786,33.221,0.899
Zaza Pachulia,8.886,1.829,7.386,26.386,0.686
Ziaire Williams,9.125,1.225,3.15,22.375,0.603
Zion Williamson,23.633,3.967,6.233,31.467,1.075
Zydrunas Ilgauskas,13.6,1.256,7.456,27.922,0.799
Ömer Aşık,7.733,0.767,9.8,25.433,0.72
Šarūnas Jasikevičius,7.3,3.0,2.0,20.8,0.591
